Nb de candidats ayant fait au moins un vœu confirmé PP;Nb de cddt ayant au moins une proposition Parcoursup;Etablissement;Type de formation de la scolarité;Niveau d'études;Type de la classe;Au moins 1 avis favorable en STS (Oui/Non);Cordées de la réussite
1;1;CREPS D'ILE DE FRANCE	- Antenne de Paris;Terminale;Terminale;Brevet;Non concerné;Le candidat ne s'est pas engagé dans une cordée de la réussite
3;;EREA CROCE SPINELLI;Terminale;Terminale;Professionnelle;Non;Le candidat ne s'est pas engagé dans une cordée de la réussite
1;2;EREA CROCE SPINELLI;Terminale;Terminale;Professionnelle;Non concerné;Le candidat ne s'est pas engagé dans une cordée de la réussite
7;7;EREA CROCE SPINELLI;Terminale;Terminale;Professionnelle;Oui;Le candidat ne s'est pas engagé dans une cordée de la réussite
34;29;ESAA Boulle;Terminale;Terminale;Brevet;Non concerné;Le candidat ne s'est pas engagé dans une cordée de la réussite
28;25;ESAA Boulle;Terminale;Terminale;Technologique;Non concerné;Le candidat ne s'est pas engagé dans une cordée de la réussite
0;;GRETA INDUSTRIEL TECHOLOGIES AVANCEES;Terminale;Terminale;Professionnelle;Non concerné;Le candidat ne s'est pas engagé dans une cordée de la réussite
26;22;HOPITAL DE JOUR CLINIQUE UNIV GEORGES HEUYER;Terminale;Terminale;Générale;Non concerné;Le candidat ne s'est pas engagé dans une cordée de la réussite
3;2;HOPITAL DE JOUR CLINIQUE UNIV GEORGES HEUYER;Terminale;Terminale;Technologique;Non concerné;Le candidat ne s'est pas engagé dans une cordée de la réussite
2;2;IFSI Campus Picpus (AP-HP);Terminale;Terminale;Brevet;Non concerné;Le candidat ne s'est pas engagé dans une cordée de la réussite
1;;IFSI Saint Louis (AP-HP);Terminale;Terminale;Brevet;Non concerné;Le candidat ne s'est pas engagé dans une cordée de la réussite
1;;IFSI Tenon (AP-HP);Terminale;Terminale;Brevet;Non concerné;Le candidat ne s'est pas engagé dans une cordée de la réussite
10;8;Institut National des Jeunes Aveugles;Terminale;Terminale;Générale;Non concerné;Le candidat ne s'est pas engagé dans une cordée de la réussite
0;;Institut National du Sport, de l'Expertise et de la Performance (INSEP);Terminale;Terminale;Brevet;Non concerné;Le candidat ne s'est pas engagé dans une cordée de la réussite
197;183;Lycée Arago;Terminale;Terminale;Générale;Non concerné;Le candidat ne s'est pas engagé dans une cordée de la réussite
59;48;Lycée Arago;Terminale;Terminale;Technologique;Non concerné;Le candidat ne s'est pas engagé dans une cordée de la réussite
49;45;Lycée Auguste Renoir;Terminale;Terminale;Technologique;Non concerné;Le candidat ne s'est pas engagé dans une cordée de la réussite
56;48;Lycée autogéré;Terminale;Terminale;Générale;Non concerné;Le candidat ne s'est pas engagé dans une cordée de la réussite
5;3;Lycée Batiment-Saint-Lambert;Terminale;Terminale;Professionnelle;Non;Le candidat ne s'est pas engagé dans une cordée de la réussite
1;1;Lycée Batiment-Saint-Lambert;Terminale;Terminale;Professionnelle;Oui;Le candidat ne s'est pas engagé dans une cordée de la réussite
290;279;Lycée Buffon;Terminale;Terminale;Générale;Non concerné;Le candidat ne s'est pas engagé dans une cordée de la réussite
125;112;Lycée Camille See;Terminale;Terminale;Générale;Non concerné;Le candidat ne s'est pas engagé dans une cordée de la réussite
294;288;Lycée Carnot;Terminale;Terminale;Générale;Non concerné;Le candidat ne s'est pas engagé dans une cordée de la réussite
162;155;Lycée Chaptal;Terminale;Terminale;Générale;Non concerné;Le candidat ne s'est pas engagé dans une cordée de la réussite
23;22;Lycée Chaptal;Terminale;Terminale;Technologique;Non concerné;Le candidat ne s'est pas engagé dans une cordée de la réussite
242;236;Lycée Charlemagne;Terminale;Terminale;Générale;Non concerné;Le candidat ne s'est pas engagé dans une cordée de la réussite
153;136;Lycée Claude Bernard;Terminale;Terminale;Générale;Non concerné;Le candidat ne s'est pas engagé dans une cordée de la réussite
1;1;Lycée Claude Bernard;Terminale;Terminale;Générale;Non concerné;Le candidat s'est engagé dans une cordée de la réussite et souhaite transmettre cette information aux formations d'accueil
45;38;Lycée Claude Bernard;Terminale;Terminale;Technologique;Non concerné;Le candidat ne s'est pas engagé dans une cordée de la réussite
323;313;Lycée Claude Monet;Terminale;Terminale;Générale;Non concerné;Le candidat ne s'est pas engagé dans une cordée de la réussite
158;141;Lycée Colbert;Terminale;Terminale;Générale;Non concerné;Le candidat ne s'est pas engagé dans une cordée de la réussite
24;22;Lycée Colbert;Terminale;Terminale;Générale;Non concerné;Le candidat s'est engagé dans une cordée de la réussite et souhaite transmettre cette information aux formations d'accueil
2;1;Lycée Colbert;Terminale;Terminale;Générale;Non concerné;Le candidat s'est engagé dans une cordée de la réussite mais il ne souhaite pas transmettre cette information aux formations d'accueil
175;172;Lycée Condorcet;Terminale;Terminale;Générale;Non concerné;Le candidat ne s'est pas engagé dans une cordée de la réussite
1;1;Lycée Condorcet;Terminale;Terminale;Générale;Non concerné;Le candidat s'est engagé dans une cordée de la réussite et souhaite transmettre cette information aux formations d'accueil
30;19;Lycée D'Alembert-Cuir;Terminale;Terminale;Professionnelle;Non;Le candidat ne s'est pas engagé dans une cordée de la réussite
27;19;Lycée D'Alembert-Cuir;Terminale;Terminale;Professionnelle;Non concerné;Le candidat ne s'est pas engagé dans une cordée de la réussite
27;26;Lycée D'Alembert-Cuir;Terminale;Terminale;Professionnelle;Oui;Le candidat ne s'est pas engagé dans une cordée de la réussite
37;33;Lycée D'Alembert-Cuir;Terminale;Terminale;Technologique;Non concerné;Le candidat ne s'est pas engagé dans une cordée de la réussite
4;3;Lycée D'Alembert-Cuir;Terminale;Terminale;Technologique;Non concerné;Le candidat s'est engagé dans une cordée de la réussite et souhaite transmettre cette information aux formations d'accueil
2;1;Lycée D'Alembert-Cuir;Terminale;Terminale;Technologique;Non concerné;Le candidat s'est engagé dans une cordée de la réussite mais il ne souhaite pas transmettre cette information aux formations d'accueil
13;9;Lycée des Métiers de l'Hôtellerie Guillaume TIREL;Terminale;Terminale;Professionnelle;Non;Le candidat ne s'est pas engagé dans une cordée de la réussite
18;18;Lycée des Métiers de l'Hôtellerie Guillaume TIREL;Terminale;Terminale;Professionnelle;Oui;Le candidat ne s'est pas engagé dans une cordée de la réussite
23;21;Lycée des Métiers de l'Hôtellerie Guillaume TIREL;Terminale;Terminale;Technologique;Non concerné;Le candidat ne s'est pas engagé dans une cordée de la réussite
92;80;Lycée des Métiers Dorian;Terminale;Terminale;Générale;Non concerné;Le candidat ne s'est pas engagé dans une cordée de la réussite
1;1;Lycée des Métiers Dorian;Terminale;Terminale;Générale;Non concerné;Le candidat s'est engagé dans une cordée de la réussite et souhaite transmettre cette information aux formations d'accueil
35;21;Lycée des Métiers Dorian;Terminale;Terminale;Professionnelle;Non;Le candidat ne s'est pas engagé dans une cordée de la réussite
5;5;Lycée des Métiers Dorian;Terminale;Terminale;Professionnelle;Non concerné;Le candidat ne s'est pas engagé dans une cordée de la réussite
28;27;Lycée des Métiers Dorian;Terminale;Terminale;Professionnelle;Oui;Le candidat ne s'est pas engagé dans une cordée de la réussite
58;45;Lycée des Métiers Dorian;Terminale;Terminale;Technologique;Non concerné;Le candidat ne s'est pas engagé dans une cordée de la réussite
11;11;Lycée des Métiers Dorian;Terminale;Terminale;Technologique;Non concerné;Le candidat s'est engagé dans une cordée de la réussite et souhaite transmettre cette information aux formations d'accueil
6;5;Lycée Des métiers Jean DROUANT;Terminale;Terminale;Professionnelle;Non;Le candidat ne s'est pas engagé dans une cordée de la réussite
0;;Lycée Des métiers Jean DROUANT;Terminale;Terminale;Professionnelle;Non concerné;Le candidat ne s'est pas engagé dans une cordée de la réussite
13;13;Lycée Des métiers Jean DROUANT;Terminale;Terminale;Professionnelle;Oui;Le candidat ne s'est pas engagé dans une cordée de la réussite
17;20;Lycée Des métiers Jean DROUANT;Terminale;Terminale;Technologique;Non concerné;Le candidat ne s'est pas engagé dans une cordée de la réussite
2;2;Lycée Diderot;Terminale;Terminale;Brevet;Non concerné;Le candidat ne s'est pas engagé dans une cordée de la réussite
123;117;Lycée Diderot;Terminale;Terminale;Générale;Non concerné;Le candidat ne s'est pas engagé dans une cordée de la réussite
18;14;Lycée Diderot;Terminale;Terminale;Professionnelle;Non;Le candidat ne s'est pas engagé dans une cordée de la réussite
1;1;Lycée Diderot;Terminale;Terminale;Professionnelle;Non concerné;Le candidat ne s'est pas engagé dans une cordée de la réussite
6;6;Lycée Diderot;Terminale;Terminale;Professionnelle;Oui;Le candidat ne s'est pas engagé dans une cordée de la réussite
63;56;Lycée Diderot;Terminale;Terminale;Technologique;Non concerné;Le candidat ne s'est pas engagé dans une cordée de la réussite
86;79;Lycée Edgar Quinet;Terminale;Terminale;Générale;Non concerné;Le candidat ne s'est pas engagé dans une cordée de la réussite
18;2;Lycée Edgar Quinet;Terminale;Terminale;Professionnelle;Non;Le candidat ne s'est pas engagé dans une cordée de la réussite
2;1;Lycée Edgar Quinet;Terminale;Terminale;Professionnelle;Non;Le candidat s'est engagé dans une cordée de la réussite et souhaite transmettre cette information aux formations d'accueil
0;;Lycée Edgar Quinet;Terminale;Terminale;Professionnelle;Non;Le candidat s'est engagé dans une cordée de la réussite mais il ne souhaite pas transmettre cette information aux formations d'accueil
2;1;Lycée Edgar Quinet;Terminale;Terminale;Professionnelle;Non concerné;Le candidat ne s'est pas engagé dans une cordée de la réussite
18;15;Lycée Edgar Quinet;Terminale;Terminale;Professionnelle;Oui;Le candidat ne s'est pas engagé dans une cordée de la réussite
4;3;Lycée Edgar Quinet;Terminale;Terminale;Professionnelle;Oui;Le candidat s'est engagé dans une cordée de la réussite et souhaite transmettre cette information aux formations d'accueil
50;35;Lycée Edgar Quinet;Terminale;Terminale;Technologique;Non concerné;Le candidat ne s'est pas engagé dans une cordée de la réussite
50;49;Lycée Elisa Lemonnier;Terminale;Terminale;Générale;Non concerné;Le candidat ne s'est pas engagé dans une cordée de la réussite
35;7;Lycée Elisa Lemonnier;Terminale;Terminale;Professionnelle;Non;Le candidat ne s'est pas engagé dans une cordée de la réussite
4;3;Lycée Elisa Lemonnier;Terminale;Terminale;Professionnelle;Non concerné;Le candidat ne s'est pas engagé dans une cordée de la réussite
35;32;Lycée Elisa Lemonnier;Terminale;Terminale;Professionnelle;Oui;Le candidat ne s'est pas engagé dans une cordée de la réussite
89;72;Lycée Elisa Lemonnier;Terminale;Terminale;Technologique;Non concerné;Le candidat ne s'est pas engagé dans une cordée de la réussite
150;118;Lycée Emile Dubois;Terminale;Terminale;Technologique;Non concerné;Le candidat ne s'est pas engagé dans une cordée de la réussite
8;7;Lycée Emile Dubois;Terminale;Terminale;Technologique;Non concerné;Le candidat s'est engagé dans une cordée de la réussite et souhaite transmettre cette information aux formations d'accueil
2;2;Lycée Emile Dubois;Terminale;Terminale;Technologique;Non concerné;Le candidat s'est engagé dans une cordée de la réussite mais il ne souhaite pas transmettre cette information aux formations d'accueil
159;156;Lycée Fénelon;Terminale;Terminale;Générale;Non concerné;Le candidat ne s'est pas engagé dans une cordée de la réussite
1;1;Lycée François Rabelais;Terminale;Terminale;Générale;Non concerné;Le candidat ne s'est pas engagé dans une cordée de la réussite
53;49;Lycée François Rabelais;Terminale;Terminale;Générale;Non concerné;Le candidat s'est engagé dans une cordée de la réussite et souhaite transmettre cette information aux formations d'accueil
10;9;Lycée François Rabelais;Terminale;Terminale;Générale;Non concerné;Le candidat s'est engagé dans une cordée de la réussite mais il ne souhaite pas transmettre cette information aux formations d'accueil
42;36;Lycée François Rabelais;Terminale;Terminale;Technologique;Non concerné;Le candidat ne s'est pas engagé dans une cordée de la réussite
2;2;Lycée François Rabelais;Terminale;Terminale;Technologique;Non concerné;Le candidat s'est engagé dans une cordée de la réussite et souhaite transmettre cette information aux formations d'accueil
1;1;Lycée François Rabelais;Terminale;Terminale;Technologique;Non concerné;Le candidat s'est engagé dans une cordée de la réussite mais il ne souhaite pas transmettre cette information aux formations d'accueil
62;57;Lycée Francois Villon;Terminale;Terminale;Générale;Non concerné;Le candidat ne s'est pas engagé dans une cordée de la réussite
8;7;Lycée Francois Villon;Terminale;Terminale;Générale;Non concerné;Le candidat s'est engagé dans une cordée de la réussite et souhaite transmettre cette information aux formations d'accueil
1;;Lycée Francois Villon;Terminale;Terminale;Générale;Non concerné;Le candidat s'est engagé dans une cordée de la réussite mais il ne souhaite pas transmettre cette information aux formations d'accueil
75;51;Lycée Francois Villon;Terminale;Terminale;Technologique;Non concerné;Le candidat ne s'est pas engagé dans une cordée de la réussite
2;1;Lycée Francois Villon;Terminale;Terminale;Technologique;Non concerné;Le candidat s'est engagé dans une cordée de la réussite et souhaite transmettre cette information aux formations d'accueil
1;;Lycée Francois Villon;Terminale;Terminale;Technologique;Non concerné;Le candidat s'est engagé dans une cordée de la réussite mais il ne souhaite pas transmettre cette information aux formations d'accueil
15;5;Lycée Fresnel;Terminale;Terminale;Professionnelle;Non;Le candidat ne s'est pas engagé dans une cordée de la réussite
5;5;Lycée Fresnel;Terminale;Terminale;Professionnelle;Oui;Le candidat ne s'est pas engagé dans une cordée de la réussite
36;22;Lycée Fresnel;Terminale;Terminale;Technologique;Non concerné;Le candidat ne s'est pas engagé dans une cordée de la réussite
154;138;Lycée Gabriel Faure;Terminale;Terminale;Générale;Non concerné;Le candidat ne s'est pas engagé dans une cordée de la réussite
2;2;Lycée Gabriel Faure;Terminale;Terminale;Générale;Non concerné;Le candidat s'est engagé dans une cordée de la réussite et souhaite transmettre cette information aux formations d'accueil
373;361;Lycée Hélène Boucher;Terminale;Terminale;Générale;Non concerné;Le candidat ne s'est pas engagé dans une cordée de la réussite
30;24;Lycée Hélène Boucher;Terminale;Terminale;Technologique;Non concerné;Le candidat ne s'est pas engagé dans une cordée de la réussite
180;158;Lycée Henri Bergson-Jacquard;Terminale;Terminale;Générale;Non concerné;Le candidat ne s'est pas engagé dans une cordée de la réussite
11;11;Lycée Henri Bergson-Jacquard;Terminale;Terminale;Générale;Non concerné;Le candidat s'est engagé dans une cordée de la réussite et souhaite transmettre cette information aux formations d'accueil
2;2;Lycée Henri Bergson-Jacquard;Terminale;Terminale;Générale;Non concerné;Le candidat s'est engagé dans une cordée de la réussite mais il ne souhaite pas transmettre cette information aux formations d'accueil
83;50;Lycée Henri Bergson-Jacquard;Terminale;Terminale;Technologique;Non concerné;Le candidat ne s'est pas engagé dans une cordée de la réussite
27;24;Lycée Henri Bergson-Jacquard;Terminale;Terminale;Technologique;Non concerné;Le candidat s'est engagé dans une cordée de la réussite et souhaite transmettre cette information aux formations d'accueil
3;3;Lycée Henri Bergson-Jacquard;Terminale;Terminale;Technologique;Non concerné;Le candidat s'est engagé dans une cordée de la réussite mais il ne souhaite pas transmettre cette information aux formations d'accueil
280;279;Lycée Henri IV;Terminale;Terminale;Générale;Non concerné;Le candidat ne s'est pas engagé dans une cordée de la réussite
240;224;Lycée Honoré De Balzac;Terminale;Terminale;Générale;Non concerné;Le candidat ne s'est pas engagé dans une cordée de la réussite
42;35;Lycée Honoré De Balzac;Terminale;Terminale;Technologique;Non concerné;Le candidat ne s'est pas engagé dans une cordée de la réussite
19;17;Lycée Honoré De Balzac;Terminale;Terminale;Technologique;Non concerné;Le candidat s'est engagé dans une cordée de la réussite et souhaite transmettre cette information aux formations d'accueil
8;6;Lycée Honoré De Balzac;Terminale;Terminale;Technologique;Non concerné;Le candidat s'est engagé dans une cordée de la réussite mais il ne souhaite pas transmettre cette information aux formations d'accueil
304;275;Lycée Jacques Decour;Terminale;Terminale;Générale;Non concerné;Le candidat ne s'est pas engagé dans une cordée de la réussite
1;1;Lycée Jacques Decour;Terminale;Terminale;Générale;Non concerné;Le candidat s'est engagé dans une cordée de la réussite mais il ne souhaite pas transmettre cette information aux formations d'accueil
11;6;Lycée Jacques Decour;Terminale;Terminale;Technologique;Non concerné;Le candidat ne s'est pas engagé dans une cordée de la réussite
27;19;Lycée Jacques Monod;Terminale;Terminale;Professionnelle;Non;Le candidat ne s'est pas engagé dans une cordée de la réussite
33;17;Lycée Jacques Monod;Terminale;Terminale;Professionnelle;Non concerné;Le candidat ne s'est pas engagé dans une cordée de la réussite
24;24;Lycée Jacques Monod;Terminale;Terminale;Professionnelle;Oui;Le candidat ne s'est pas engagé dans une cordée de la réussite
60;48;Lycée Jacques Monod;Terminale;Terminale;Technologique;Non concerné;Le candidat ne s'est pas engagé dans une cordée de la réussite
6;6;Lycée Jacques Monod;Terminale;Terminale;Technologique;Non concerné;Le candidat s'est engagé dans une cordée de la réussite et souhaite transmettre cette information aux formations d'accueil
340;326;Lycée Janson De Sailly;Terminale;Terminale;Générale;Non concerné;Le candidat ne s'est pas engagé dans une cordée de la réussite
4;4;Lycée Janson De Sailly;Terminale;Terminale;Générale;Non concerné;Le candidat s'est engagé dans une cordée de la réussite et souhaite transmettre cette information aux formations d'accueil
28;23;Lycée Janson De Sailly;Terminale;Terminale;Technologique;Non concerné;Le candidat ne s'est pas engagé dans une cordée de la réussite
1;1;Lycée Janson De Sailly;Terminale;Terminale;Technologique;Non concerné;Le candidat s'est engagé dans une cordée de la réussite et souhaite transmettre cette information aux formations d'accueil
279;263;Lycée Jean-Baptiste Say;Terminale;Terminale;Générale;Non concerné;Le candidat ne s'est pas engagé dans une cordée de la réussite
190;185;Lycée Jean De La Fontaine;Terminale;Terminale;Générale;Non concerné;Le candidat ne s'est pas engagé dans une cordée de la réussite
17;17;Lycée Jean De La Fontaine;Terminale;Terminale;Technologique;Non concerné;Le candidat ne s'est pas engagé dans une cordée de la réussite
8;1;Lycée Jean Lurcat;Terminale;Terminale;Professionnelle;Non;Le candidat ne s'est pas engagé dans une cordée de la réussite
1;;Lycée Jean Lurcat;Terminale;Terminale;Professionnelle;Non;Le candidat s'est engagé dans une cordée de la réussite et souhaite transmettre cette information aux formations d'accueil
2;1;Lycée Jean Lurcat;Terminale;Terminale;Professionnelle;Non concerné;Le candidat ne s'est pas engagé dans une cordée de la réussite
11;10;Lycée Jean Lurcat;Terminale;Terminale;Professionnelle;Oui;Le candidat ne s'est pas engagé dans une cordée de la réussite
27;27;Lycée Jean Lurcat;Terminale;Terminale;Professionnelle;Oui;Le candidat s'est engagé dans une cordée de la réussite et souhaite transmettre cette information aux formations d'accueil
1;;Lycée Jean Lurcat;Terminale;Terminale;Professionnelle;Oui;Le candidat s'est engagé dans une cordée de la réussite mais il ne souhaite pas transmettre cette information aux formations d'accueil
118;75;Lycée Jean Lurcat;Terminale;Terminale;Technologique;Non concerné;Le candidat ne s'est pas engagé dans une cordée de la réussite
17;17;Lycée Jean Lurcat;Terminale;Terminale;Technologique;Non concerné;Le candidat s'est engagé dans une cordée de la réussite et souhaite transmettre cette information aux formations d'accueil
240;231;Lycée Jules Ferry;Terminale;Terminale;Générale;Non concerné;Le candidat ne s'est pas engagé dans une cordée de la réussite
62;38;Lycée Jules SIEGFRIED;Terminale;Terminale;Technologique;Non concerné;Le candidat ne s'est pas engagé dans une cordée de la réussite
27;26;Lycée Jules SIEGFRIED;Terminale;Terminale;Technologique;Non concerné;Le candidat s'est engagé dans une cordée de la réussite et souhaite transmettre cette information aux formations d'accueil
0;;Lycée Jules SIEGFRIED;Terminale;Terminale;Technologique;Non concerné;Le candidat s'est engagé dans une cordée de la réussite mais il ne souhaite pas transmettre cette information aux formations d'accueil
168;162;Lycée Lamartine;Terminale;Terminale;Générale;Non concerné;Le candidat ne s'est pas engagé dans une cordée de la réussite
22;21;Lycée Lamartine;Terminale;Terminale;Technologique;Non concerné;Le candidat ne s'est pas engagé dans une cordée de la réussite
201;193;Lycée Lavoisier;Terminale;Terminale;Générale;Non concerné;Le candidat ne s'est pas engagé dans une cordée de la réussite
8;5;Lycée Léonard de Vinci;Terminale;Terminale;Professionnelle;Non;Le candidat ne s'est pas engagé dans une cordée de la réussite
2;1;Lycée Léonard de Vinci;Terminale;Terminale;Professionnelle;Non concerné;Le candidat ne s'est pas engagé dans une cordée de la réussite
9;9;Lycée Léonard de Vinci;Terminale;Terminale;Professionnelle;Oui;Le candidat ne s'est pas engagé dans une cordée de la réussite
29;22;Lycée Léonard de Vinci;Terminale;Terminale;Technologique;Non concerné;Le candidat ne s'est pas engagé dans une cordée de la réussite
58;50;Lycée Louis Armand;Terminale;Terminale;Générale;Non concerné;Le candidat ne s'est pas engagé dans une cordée de la réussite
54;37;Lycée Louis Armand;Terminale;Terminale;Professionnelle;Non;Le candidat ne s'est pas engagé dans une cordée de la réussite
5;4;Lycée Louis Armand;Terminale;Terminale;Professionnelle;Non concerné;Le candidat ne s'est pas engagé dans une cordée de la réussite
33;26;Lycée Louis Armand;Terminale;Terminale;Professionnelle;Oui;Le candidat ne s'est pas engagé dans une cordée de la réussite
74;45;Lycée Louis Armand;Terminale;Terminale;Technologique;Non concerné;Le candidat ne s'est pas engagé dans une cordée de la réussite
14;11;Lycée Louis Armand;Terminale;Terminale;Technologique;Non concerné;Le candidat s'est engagé dans une cordée de la réussite et souhaite transmettre cette information aux formations d'accueil
11;4;Lycée Louis Armand;Terminale;Terminale;Technologique;Non concerné;Le candidat s'est engagé dans une cordée de la réussite mais il ne souhaite pas transmettre cette information aux formations d'accueil
282;281;Lycée Louis Le Grand;Terminale;Terminale;Générale;Non concerné;Le candidat ne s'est pas engagé dans une cordée de la réussite
9;9;Lycée Louis Le Grand;Terminale;Terminale;Générale;Non concerné;Le candidat s'est engagé dans une cordée de la réussite et souhaite transmettre cette information aux formations d'accueil
1;1;Lycée Louis Le Grand;Terminale;Terminale;Générale;Non concerné;Le candidat s'est engagé dans une cordée de la réussite mais il ne souhaite pas transmettre cette information aux formations d'accueil
31;30;Lycée Louis Le Grand;Terminale;Terminale;Technologique;Non concerné;Le candidat ne s'est pas engagé dans une cordée de la réussite
1;;Lycée Lucas De Nehou;Terminale;Terminale;Brevet;Non concerné;Le candidat ne s'est pas engagé dans une cordée de la réussite
11;4;Lycée Martin-Nadaud;Terminale;Terminale;Professionnelle;Non;Le candidat ne s'est pas engagé dans une cordée de la réussite
0;;Lycée Martin-Nadaud;Terminale;Terminale;Professionnelle;Non;Le candidat s'est engagé dans une cordée de la réussite et souhaite transmettre cette information aux formations d'accueil
1;;Lycée Martin-Nadaud;Terminale;Terminale;Professionnelle;Non concerné;Le candidat ne s'est pas engagé dans une cordée de la réussite
1;1;Lycée Martin-Nadaud;Terminale;Terminale;Professionnelle;Non concerné;Le candidat s'est engagé dans une cordée de la réussite et souhaite transmettre cette information aux formations d'accueil
0;;Lycée Martin-Nadaud;Terminale;Terminale;Professionnelle;Non concerné;Le candidat s'est engagé dans une cordée de la réussite mais il ne souhaite pas transmettre cette information aux formations d'accueil
24;21;Lycée Martin-Nadaud;Terminale;Terminale;Professionnelle;Oui;Le candidat ne s'est pas engagé dans une cordée de la réussite
4;4;Lycée Martin-Nadaud;Terminale;Terminale;Professionnelle;Oui;Le candidat s'est engagé dans une cordée de la réussite et souhaite transmettre cette information aux formations d'accueil
6;6;Lycée Martin-Nadaud;Terminale;Terminale;Professionnelle;Oui;Le candidat s'est engagé dans une cordée de la réussite mais il ne souhaite pas transmettre cette information aux formations d'accueil
77;61;Lycée Martin-Nadaud;Terminale;Terminale;Technologique;Non concerné;Le candidat ne s'est pas engagé dans une cordée de la réussite
289;270;Lycée Maurice Ravel;Terminale;Terminale;Générale;Non concerné;Le candidat ne s'est pas engagé dans une cordée de la réussite
69;59;Lycée Maurice Ravel;Terminale;Terminale;Technologique;Non concerné;Le candidat ne s'est pas engagé dans une cordée de la réussite
15;5;Lycée Maximilien Vox;Terminale;Terminale;Professionnelle;Non;Le candidat ne s'est pas engagé dans une cordée de la réussite
3;;Lycée Maximilien Vox;Terminale;Terminale;Professionnelle;Non concerné;Le candidat ne s'est pas engagé dans une cordée de la réussite
15;12;Lycée Maximilien Vox;Terminale;Terminale;Professionnelle;Oui;Le candidat ne s'est pas engagé dans une cordée de la réussite
60;56;Lycée Maximilien Vox;Terminale;Terminale;Technologique;Non concerné;Le candidat ne s'est pas engagé dans une cordée de la réussite
182;164;Lycée Moliere;Terminale;Terminale;Générale;Non concerné;Le candidat ne s'est pas engagé dans une cordée de la réussite
342;331;Lycée Montaigne;Terminale;Terminale;Générale;Non concerné;Le candidat ne s'est pas engagé dans une cordée de la réussite
34;30;Lycée Municipal d'Adultes;Terminale;Terminale;Générale;Non concerné;Le candidat ne s'est pas engagé dans une cordée de la réussite
134;118;Lycée Paul Bert;Terminale;Terminale;Générale;Non concerné;Le candidat ne s'est pas engagé dans une cordée de la réussite
20;13;Lycée Paul Bert;Terminale;Terminale;Technologique;Non concerné;Le candidat ne s'est pas engagé dans une cordée de la réussite
7;7;Lycée Paul Bert;Terminale;Terminale;Technologique;Non concerné;Le candidat s'est engagé dans une cordée de la réussite et souhaite transmettre cette information aux formations d'accueil
2;2;Lycée Paul Poiret;Terminale;Terminale;Brevet;Non concerné;Le candidat ne s'est pas engagé dans une cordée de la réussite
8;4;Lycée Paul Poiret;Terminale;Terminale;Professionnelle;Non;Le candidat s'est engagé dans une cordée de la réussite et souhaite transmettre cette information aux formations d'accueil
2;2;Lycée Paul Poiret;Terminale;Terminale;Professionnelle;Non;Le candidat s'est engagé dans une cordée de la réussite mais il ne souhaite pas transmettre cette information aux formations d'accueil
2;2;Lycée Paul Poiret;Terminale;Terminale;Professionnelle;Non concerné;Le candidat s'est engagé dans une cordée de la réussite et souhaite transmettre cette information aux formations d'accueil
7;4;Lycée Paul Poiret;Terminale;Terminale;Professionnelle;Oui;Le candidat s'est engagé dans une cordée de la réussite et souhaite transmettre cette information aux formations d'accueil
2;1;Lycée Paul Poiret;Terminale;Terminale;Professionnelle;Oui;Le candidat s'est engagé dans une cordée de la réussite mais il ne souhaite pas transmettre cette information aux formations d'accueil
191;160;Lycée Paul Valery;Terminale;Terminale;Générale;Non concerné;Le candidat ne s'est pas engagé dans une cordée de la réussite
30;18;Lycée Paul Valery;Terminale;Terminale;Technologique;Non concerné;Le candidat ne s'est pas engagé dans une cordée de la réussite
80;77;Lycée Pierre-Gilles de Gennes - ENCPB;Terminale;Terminale;Générale;Non concerné;Le candidat ne s'est pas engagé dans une cordée de la réussite
3;3;Lycée Pierre-Gilles de Gennes - ENCPB;Terminale;Terminale;Générale;Non concerné;Le candidat s'est engagé dans une cordée de la réussite et souhaite transmettre cette information aux formations d'accueil
1;1;Lycée Pierre-Gilles de Gennes - ENCPB;Terminale;Terminale;Générale;Non concerné;Le candidat s'est engagé dans une cordée de la réussite mais il ne souhaite pas transmettre cette information aux formations d'accueil
81;77;Lycée Pierre-Gilles de Gennes - ENCPB;Terminale;Terminale;Technologique;Non concerné;Le candidat ne s'est pas engagé dans une cordée de la réussite
14;14;Lycée Pierre-Gilles de Gennes - ENCPB;Terminale;Terminale;Technologique;Non concerné;Le candidat s'est engagé dans une cordée de la réussite et souhaite transmettre cette information aux formations d'accueil
49;17;Lycée professionnel Beaugrenelle;Terminale;Terminale;Professionnelle;Non;Le candidat ne s'est pas engagé dans une cordée de la réussite
5;3;Lycée professionnel Beaugrenelle;Terminale;Terminale;Professionnelle;Non;Le candidat s'est engagé dans une cordée de la réussite et souhaite transmettre cette information aux formations d'accueil
1;;Lycée professionnel Beaugrenelle;Terminale;Terminale;Professionnelle;Non concerné;Le candidat ne s'est pas engagé dans une cordée de la réussite
24;22;Lycée professionnel Beaugrenelle;Terminale;Terminale;Professionnelle;Oui;Le candidat ne s'est pas engagé dans une cordée de la réussite
4;4;Lycée professionnel Beaugrenelle;Terminale;Terminale;Professionnelle;Oui;Le candidat s'est engagé dans une cordée de la réussite et souhaite transmettre cette information aux formations d'accueil
1;1;Lycée professionnel Beaugrenelle;Terminale;Terminale;Professionnelle;Oui;Le candidat s'est engagé dans une cordée de la réussite mais il ne souhaite pas transmettre cette information aux formations d'accueil
15;6;Lycée professionnel Camille Jenatzy;Terminale;Terminale;Professionnelle;Non;Le candidat ne s'est pas engagé dans une cordée de la réussite
4;3;Lycée professionnel Camille Jenatzy;Terminale;Terminale;Professionnelle;Non concerné;Le candidat ne s'est pas engagé dans une cordée de la réussite
25;23;Lycée professionnel Camille Jenatzy;Terminale;Terminale;Professionnelle;Oui;Le candidat ne s'est pas engagé dans une cordée de la réussite
10;7;Lycée professionnel Chenneviere Malezieux;Terminale;Terminale;Professionnelle;Non;Le candidat ne s'est pas engagé dans une cordée de la réussite
0;;Lycée professionnel Chenneviere Malezieux;Terminale;Terminale;Professionnelle;Non concerné;Le candidat ne s'est pas engagé dans une cordée de la réussite
29;31;Lycée professionnel Chenneviere Malezieux;Terminale;Terminale;Professionnelle;Oui;Le candidat ne s'est pas engagé dans une cordée de la réussite
9;3;Lycée professionnel Claude Anthime Corbon;Terminale;Terminale;Professionnelle;Non;Le candidat ne s'est pas engagé dans une cordée de la réussite
18;11;Lycée professionnel Claude Anthime Corbon;Terminale;Terminale;Professionnelle;Non;Le candidat s'est engagé dans une cordée de la réussite et souhaite transmettre cette information aux formations d'accueil
10;5;Lycée professionnel Claude Anthime Corbon;Terminale;Terminale;Professionnelle;Non;Le candidat s'est engagé dans une cordée de la réussite mais il ne souhaite pas transmettre cette information aux formations d'accueil
2;2;Lycée professionnel Claude Anthime Corbon;Terminale;Terminale;Professionnelle;Oui;Le candidat ne s'est pas engagé dans une cordée de la réussite
6;6;Lycée professionnel Claude Anthime Corbon;Terminale;Terminale;Professionnelle;Oui;Le candidat s'est engagé dans une cordée de la réussite et souhaite transmettre cette information aux formations d'accueil
2;2;Lycée professionnel Claude Anthime Corbon;Terminale;Terminale;Professionnelle;Oui;Le candidat s'est engagé dans une cordée de la réussite mais il ne souhaite pas transmettre cette information aux formations d'accueil
14;13;Lycée professionnel Corvisart-Arts Graphiques;Terminale;Terminale;Brevet;Non concerné;Le candidat ne s'est pas engagé dans une cordée de la réussite
7;4;Lycée professionnel Corvisart-Arts Graphiques;Terminale;Terminale;Professionnelle;Non;Le candidat ne s'est pas engagé dans une cordée de la réussite
1;1;Lycée professionnel Corvisart-Arts Graphiques;Terminale;Terminale;Professionnelle;Non;Le candidat s'est engagé dans une cordée de la réussite et souhaite transmettre cette information aux formations d'accueil
1;1;Lycée professionnel Corvisart-Arts Graphiques;Terminale;Terminale;Professionnelle;Non;Le candidat s'est engagé dans une cordée de la réussite mais il ne souhaite pas transmettre cette information aux formations d'accueil
21;15;Lycée professionnel Corvisart-Arts Graphiques;Terminale;Terminale;Professionnelle;Non concerné;Le candidat ne s'est pas engagé dans une cordée de la réussite
5;4;Lycée professionnel Corvisart-Arts Graphiques;Terminale;Terminale;Professionnelle;Non concerné;Le candidat s'est engagé dans une cordée de la réussite et souhaite transmettre cette information aux formations d'accueil
19;13;Lycée professionnel Corvisart-Arts Graphiques;Terminale;Terminale;Professionnelle;Oui;Le candidat ne s'est pas engagé dans une cordée de la réussite
4;3;Lycée professionnel Corvisart-Arts Graphiques;Terminale;Terminale;Professionnelle;Oui;Le candidat s'est engagé dans une cordée de la réussite et souhaite transmettre cette information aux formations d'accueil
1;1;Lycée professionnel Corvisart-Arts Graphiques;Terminale;Terminale;Professionnelle;Oui;Le candidat s'est engagé dans une cordée de la réussite mais il ne souhaite pas transmettre cette information aux formations d'accueil
2;2;Lycée professionnel Edmond Rostand;Terminale;Terminale;Professionnelle;Non concerné;Le candidat ne s'est pas engagé dans une cordée de la réussite
1;1;Lycée professionnel Edmond Rostand;Terminale;Terminale;Professionnelle;Oui;Le candidat ne s'est pas engagé dans une cordée de la réussite
23;10;Lycée professionnel Erik Satie;Terminale;Terminale;Professionnelle;Non;Le candidat ne s'est pas engagé dans une cordée de la réussite
6;6;Lycée professionnel Erik Satie;Terminale;Terminale;Professionnelle;Non;Le candidat s'est engagé dans une cordée de la réussite et souhaite transmettre cette information aux formations d'accueil
3;;Lycée professionnel Erik Satie;Terminale;Terminale;Professionnelle;Non concerné;Le candidat ne s'est pas engagé dans une cordée de la réussite
0;;Lycée professionnel Erik Satie;Terminale;Terminale;Professionnelle;Non concerné;Le candidat s'est engagé dans une cordée de la réussite et souhaite transmettre cette information aux formations d'accueil
12;12;Lycée professionnel Erik Satie;Terminale;Terminale;Professionnelle;Oui;Le candidat ne s'est pas engagé dans une cordée de la réussite
11;11;Lycée professionnel Erik Satie;Terminale;Terminale;Professionnelle;Oui;Le candidat s'est engagé dans une cordée de la réussite et souhaite transmettre cette information aux formations d'accueil
9;5;Lycée professionnel Etienne Dolet;Terminale;Terminale;Professionnelle;Non;Le candidat ne s'est pas engagé dans une cordée de la réussite
22;19;Lycée professionnel Etienne Dolet;Terminale;Terminale;Professionnelle;Non concerné;Le candidat ne s'est pas engagé dans une cordée de la réussite
18;17;Lycée professionnel Etienne Dolet;Terminale;Terminale;Professionnelle;Oui;Le candidat ne s'est pas engagé dans une cordée de la réussite
37;15;Lycée professionnel Galilee;Terminale;Terminale;Professionnelle;Non;Le candidat ne s'est pas engagé dans une cordée de la réussite
2;3;Lycée professionnel Galilee;Terminale;Terminale;Professionnelle;Non concerné;Le candidat ne s'est pas engagé dans une cordée de la réussite
27;26;Lycée professionnel Galilee;Terminale;Terminale;Professionnelle;Oui;Le candidat ne s'est pas engagé dans une cordée de la réussite
13;10;Lycée professionnel Gaston Bachelard;Terminale;Terminale;Professionnelle;Non;Le candidat ne s'est pas engagé dans une cordée de la réussite
1;1;Lycée professionnel Gaston Bachelard;Terminale;Terminale;Professionnelle;Non concerné;Le candidat ne s'est pas engagé dans une cordée de la réussite
10;10;Lycée professionnel Gaston Bachelard;Terminale;Terminale;Professionnelle;Oui;Le candidat ne s'est pas engagé dans une cordée de la réussite
34;13;Lycée professionnel Gustave Eiffel;Terminale;Terminale;Professionnelle;Non;Le candidat ne s'est pas engagé dans une cordée de la réussite
10;5;Lycée professionnel Gustave Eiffel;Terminale;Terminale;Professionnelle;Non;Le candidat s'est engagé dans une cordée de la réussite et souhaite transmettre cette information aux formations d'accueil
1;1;Lycée professionnel Gustave Eiffel;Terminale;Terminale;Professionnelle;Non;Le candidat s'est engagé dans une cordée de la réussite mais il ne souhaite pas transmettre cette information aux formations d'accueil
1;;Lycée professionnel Gustave Eiffel;Terminale;Terminale;Professionnelle;Non concerné;Le candidat ne s'est pas engagé dans une cordée de la réussite
3;3;Lycée professionnel Gustave Eiffel;Terminale;Terminale;Professionnelle;Non concerné;Le candidat s'est engagé dans une cordée de la réussite et souhaite transmettre cette information aux formations d'accueil
3;3;Lycée professionnel Gustave Eiffel;Terminale;Terminale;Professionnelle;Oui;Le candidat ne s'est pas engagé dans une cordée de la réussite
5;5;Lycée professionnel Gustave Eiffel;Terminale;Terminale;Professionnelle;Oui;Le candidat s'est engagé dans une cordée de la réussite et souhaite transmettre cette information aux formations d'accueil
1;1;Lycée professionnel Gustave Eiffel;Terminale;Terminale;Professionnelle;Oui;Le candidat s'est engagé dans une cordée de la réussite mais il ne souhaite pas transmettre cette information aux formations d'accueil
50;27;Lycée professionnel Gustave Ferrie;Terminale;Terminale;Professionnelle;Non;Le candidat ne s'est pas engagé dans une cordée de la réussite
3;3;Lycée professionnel Gustave Ferrie;Terminale;Terminale;Professionnelle;Non;Le candidat s'est engagé dans une cordée de la réussite et souhaite transmettre cette information aux formations d'accueil
2;1;Lycée professionnel Gustave Ferrie;Terminale;Terminale;Professionnelle;Non;Le candidat s'est engagé dans une cordée de la réussite mais il ne souhaite pas transmettre cette information aux formations d'accueil
1;1;Lycée professionnel Gustave Ferrie;Terminale;Terminale;Professionnelle;Non concerné;Le candidat ne s'est pas engagé dans une cordée de la réussite
1;;Lycée professionnel Gustave Ferrie;Terminale;Terminale;Professionnelle;Non concerné;Le candidat s'est engagé dans une cordée de la réussite mais il ne souhaite pas transmettre cette information aux formations d'accueil
39;37;Lycée professionnel Gustave Ferrie;Terminale;Terminale;Professionnelle;Oui;Le candidat ne s'est pas engagé dans une cordée de la réussite
4;4;Lycée professionnel Gustave Ferrie;Terminale;Terminale;Professionnelle;Oui;Le candidat s'est engagé dans une cordée de la réussite et souhaite transmettre cette information aux formations d'accueil
4;2;Lycée professionnel Hector Guimard;Terminale;Terminale;Brevet;Non concerné;Le candidat ne s'est pas engagé dans une cordée de la réussite
33;23;Lycée professionnel Hector Guimard;Terminale;Terminale;Professionnelle;Non;Le candidat ne s'est pas engagé dans une cordée de la réussite
1;;Lycée professionnel Hector Guimard;Terminale;Terminale;Professionnelle;Non concerné;Le candidat ne s'est pas engagé dans une cordée de la réussite
5;5;Lycée professionnel Hector Guimard;Terminale;Terminale;Professionnelle;Oui;Le candidat ne s'est pas engagé dans une cordée de la réussite
7;5;Lycée professionnel Hôtelier Belliard;Terminale;Terminale;Professionnelle;Non;Le candidat ne s'est pas engagé dans une cordée de la réussite
;1;Lycée professionnel Hôtelier Belliard;Terminale;Terminale;Professionnelle;Non concerné;Le candidat ne s'est pas engagé dans une cordée de la réussite
4;4;Lycée professionnel Hôtelier Belliard;Terminale;Terminale;Professionnelle;Oui;Le candidat ne s'est pas engagé dans une cordée de la réussite
26;15;Lycée professionnel Marcel Deprez;Terminale;Terminale;Professionnelle;Non;Le candidat ne s'est pas engagé dans une cordée de la réussite
;2;Lycée professionnel Marcel Deprez;Terminale;Terminale;Professionnelle;Non concerné;Le candidat ne s'est pas engagé dans une cordée de la réussite
28;27;Lycée professionnel Marcel Deprez;Terminale;Terminale;Professionnelle;Oui;Le candidat ne s'est pas engagé dans une cordée de la réussite
23;7;Lycée professionnel Maria Deraismes;Terminale;Terminale;Professionnelle;Non;Le candidat ne s'est pas engagé dans une cordée de la réussite
7;4;Lycée professionnel Maria Deraismes;Terminale;Terminale;Professionnelle;Non;Le candidat s'est engagé dans une cordée de la réussite et souhaite transmettre cette information aux formations d'accueil
3;;Lycée professionnel Maria Deraismes;Terminale;Terminale;Professionnelle;Non;Le candidat s'est engagé dans une cordée de la réussite mais il ne souhaite pas transmettre cette information aux formations d'accueil
2;;Lycée professionnel Maria Deraismes;Terminale;Terminale;Professionnelle;Non concerné;Le candidat ne s'est pas engagé dans une cordée de la réussite
14;13;Lycée professionnel Maria Deraismes;Terminale;Terminale;Professionnelle;Oui;Le candidat ne s'est pas engagé dans une cordée de la réussite
22;20;Lycée professionnel Maria Deraismes;Terminale;Terminale;Professionnelle;Oui;Le candidat s'est engagé dans une cordée de la réussite et souhaite transmettre cette information aux formations d'accueil
9;8;Lycée professionnel Maria Deraismes;Terminale;Terminale;Professionnelle;Oui;Le candidat s'est engagé dans une cordée de la réussite mais il ne souhaite pas transmettre cette information aux formations d'accueil
20;9;Lycée professionnel Marie Laurencin;Terminale;Terminale;Professionnelle;Non;Le candidat ne s'est pas engagé dans une cordée de la réussite
4;5;Lycée professionnel Marie Laurencin;Terminale;Terminale;Professionnelle;Non concerné;Le candidat ne s'est pas engagé dans une cordée de la réussite
22;21;Lycée professionnel Marie Laurencin;Terminale;Terminale;Professionnelle;Oui;Le candidat ne s'est pas engagé dans une cordée de la réussite
5;3;Lycée professionnel Metiers De L'Ameublement;Terminale;Terminale;Brevet;Non concerné;Le candidat ne s'est pas engagé dans une cordée de la réussite
2;2;Lycée professionnel Metiers De L'Ameublement;Terminale;Terminale;Professionnelle;Non;Le candidat ne s'est pas engagé dans une cordée de la réussite
3;3;Lycée professionnel Metiers De L'Ameublement;Terminale;Terminale;Professionnelle;Non concerné;Le candidat ne s'est pas engagé dans une cordée de la réussite
4;4;Lycée professionnel Metiers De L'Ameublement;Terminale;Terminale;Professionnelle;Oui;Le candidat ne s'est pas engagé dans une cordée de la réussite
35;24;Lycée professionnel Nicolas Louis Vauquelin;Terminale;Terminale;Professionnelle;Non;Le candidat ne s'est pas engagé dans une cordée de la réussite
2;4;Lycée professionnel Nicolas Louis Vauquelin;Terminale;Terminale;Professionnelle;Non concerné;Le candidat ne s'est pas engagé dans une cordée de la réussite
18;18;Lycée professionnel Nicolas Louis Vauquelin;Terminale;Terminale;Professionnelle;Oui;Le candidat ne s'est pas engagé dans une cordée de la réussite
3;2;Lycée professionnel Octave Feuillet;Terminale;Terminale;Brevet;Non concerné;Le candidat ne s'est pas engagé dans une cordée de la réussite
3;2;Lycée professionnel Octave Feuillet;Terminale;Terminale;Professionnelle;Non;Le candidat ne s'est pas engagé dans une cordée de la réussite
1;;Lycée professionnel Octave Feuillet;Terminale;Terminale;Professionnelle;Non concerné;Le candidat ne s'est pas engagé dans une cordée de la réussite
9;8;Lycée professionnel Octave Feuillet;Terminale;Terminale;Professionnelle;Oui;Le candidat ne s'est pas engagé dans une cordée de la réussite
40;17;Lycée professionnel Pierre Lescot;Terminale;Terminale;Professionnelle;Non;Le candidat ne s'est pas engagé dans une cordée de la réussite
2;2;Lycée professionnel Pierre Lescot;Terminale;Terminale;Professionnelle;Non;Le candidat s'est engagé dans une cordée de la réussite et souhaite transmettre cette information aux formations d'accueil
1;;Lycée professionnel Pierre Lescot;Terminale;Terminale;Professionnelle;Non concerné;Le candidat ne s'est pas engagé dans une cordée de la réussite
13;12;Lycée professionnel Pierre Lescot;Terminale;Terminale;Professionnelle;Oui;Le candidat ne s'est pas engagé dans une cordée de la réussite
10;10;Lycée professionnel Pierre Lescot;Terminale;Terminale;Professionnelle;Oui;Le candidat s'est engagé dans une cordée de la réussite et souhaite transmettre cette information aux formations d'accueil
2;2;Lycée professionnel Pierre Lescot;Terminale;Terminale;Professionnelle;Oui;Le candidat s'est engagé dans une cordée de la réussite mais il ne souhaite pas transmettre cette information aux formations d'accueil
25;17;Lycée professionnel Régional Abbe Gregoire;Terminale;Terminale;Professionnelle;Non;Le candidat ne s'est pas engagé dans une cordée de la réussite
7;7;Lycée professionnel Régional Abbe Gregoire;Terminale;Terminale;Professionnelle;Non concerné;Le candidat ne s'est pas engagé dans une cordée de la réussite
14;14;Lycée professionnel Régional Abbe Gregoire;Terminale;Terminale;Professionnelle;Oui;Le candidat ne s'est pas engagé dans une cordée de la réussite
44;20;Lycée professionnel Rene Cassin;Terminale;Terminale;Professionnelle;Non;Le candidat ne s'est pas engagé dans une cordée de la réussite
3;3;Lycée professionnel Rene Cassin;Terminale;Terminale;Professionnelle;Non;Le candidat s'est engagé dans une cordée de la réussite et souhaite transmettre cette information aux formations d'accueil
3;2;Lycée professionnel Rene Cassin;Terminale;Terminale;Professionnelle;Non;Le candidat s'est engagé dans une cordée de la réussite mais il ne souhaite pas transmettre cette information aux formations d'accueil
4;1;Lycée professionnel Rene Cassin;Terminale;Terminale;Professionnelle;Non concerné;Le candidat ne s'est pas engagé dans une cordée de la réussite
1;;Lycée professionnel Rene Cassin;Terminale;Terminale;Professionnelle;Non concerné;Le candidat s'est engagé dans une cordée de la réussite mais il ne souhaite pas transmettre cette information aux formations d'accueil
4;4;Lycée professionnel Rene Cassin;Terminale;Terminale;Professionnelle;Oui;Le candidat ne s'est pas engagé dans une cordée de la réussite
6;6;Lycée professionnel Rene Cassin;Terminale;Terminale;Professionnelle;Oui;Le candidat s'est engagé dans une cordée de la réussite et souhaite transmettre cette information aux formations d'accueil
1;1;Lycée professionnel Rene Cassin;Terminale;Terminale;Professionnelle;Oui;Le candidat s'est engagé dans une cordée de la réussite mais il ne souhaite pas transmettre cette information aux formations d'accueil
14;8;Lycée professionnel Theophile Gautier;Terminale;Terminale;Professionnelle;Non;Le candidat ne s'est pas engagé dans une cordée de la réussite
9;6;Lycée professionnel Theophile Gautier;Terminale;Terminale;Professionnelle;Non;Le candidat s'est engagé dans une cordée de la réussite et souhaite transmettre cette information aux formations d'accueil
2;2;Lycée professionnel Theophile Gautier;Terminale;Terminale;Professionnelle;Non concerné;Le candidat ne s'est pas engagé dans une cordée de la réussite
2;2;Lycée professionnel Theophile Gautier;Terminale;Terminale;Professionnelle;Non concerné;Le candidat s'est engagé dans une cordée de la réussite et souhaite transmettre cette information aux formations d'accueil
0;;Lycée professionnel Theophile Gautier;Terminale;Terminale;Professionnelle;Non concerné;Le candidat s'est engagé dans une cordée de la réussite mais il ne souhaite pas transmettre cette information aux formations d'accueil
1;1;Lycée professionnel Theophile Gautier;Terminale;Terminale;Professionnelle;Oui;Le candidat ne s'est pas engagé dans une cordée de la réussite
2;3;Lycée professionnel Theophile Gautier;Terminale;Terminale;Professionnelle;Oui;Le candidat s'est engagé dans une cordée de la réussite et souhaite transmettre cette information aux formations d'accueil
2;2;Lycée professionnel Theophile Gautier;Terminale;Terminale;Professionnelle;Oui;Le candidat s'est engagé dans une cordée de la réussite mais il ne souhaite pas transmettre cette information aux formations d'accueil
28;8;Lycée professionnel Turquetil;Terminale;Terminale;Professionnelle;Non;Le candidat ne s'est pas engagé dans une cordée de la réussite
11;6;Lycée professionnel Turquetil;Terminale;Terminale;Professionnelle;Non;Le candidat s'est engagé dans une cordée de la réussite et souhaite transmettre cette information aux formations d'accueil
2;1;Lycée professionnel Turquetil;Terminale;Terminale;Professionnelle;Non;Le candidat s'est engagé dans une cordée de la réussite mais il ne souhaite pas transmettre cette information aux formations d'accueil
1;2;Lycée professionnel Turquetil;Terminale;Terminale;Professionnelle;Non concerné;Le candidat ne s'est pas engagé dans une cordée de la réussite
1;;Lycée professionnel Turquetil;Terminale;Terminale;Professionnelle;Non concerné;Le candidat s'est engagé dans une cordée de la réussite mais il ne souhaite pas transmettre cette information aux formations d'accueil
13;13;Lycée professionnel Turquetil;Terminale;Terminale;Professionnelle;Oui;Le candidat ne s'est pas engagé dans une cordée de la réussite
9;9;Lycée professionnel Turquetil;Terminale;Terminale;Professionnelle;Oui;Le candidat s'est engagé dans une cordée de la réussite et souhaite transmettre cette information aux formations d'accueil
3;3;Lycée professionnel Turquetil;Terminale;Terminale;Professionnelle;Oui;Le candidat s'est engagé dans une cordée de la réussite mais il ne souhaite pas transmettre cette information aux formations d'accueil
303;288;Lycée RACINE;Terminale;Terminale;Générale;Non concerné;Le candidat ne s'est pas engagé dans une cordée de la réussite
48;46;Lycée RACINE;Terminale;Terminale;Technologique;Non concerné;Le candidat ne s'est pas engagé dans une cordée de la réussite
15;8;Lycée Raspail;Terminale;Terminale;Professionnelle;Non;Le candidat ne s'est pas engagé dans une cordée de la réussite
1;2;Lycée Raspail;Terminale;Terminale;Professionnelle;Non concerné;Le candidat ne s'est pas engagé dans une cordée de la réussite
13;14;Lycée Raspail;Terminale;Terminale;Professionnelle;Oui;Le candidat ne s'est pas engagé dans une cordée de la réussite
42;40;Lycée Raspail;Terminale;Terminale;Technologique;Non concerné;Le candidat ne s'est pas engagé dans une cordée de la réussite
164;153;Lycée Rodin;Terminale;Terminale;Générale;Non concerné;Le candidat ne s'est pas engagé dans une cordée de la réussite
49;33;Lycée Rodin;Terminale;Terminale;Technologique;Non concerné;Le candidat ne s'est pas engagé dans une cordée de la réussite
139;82;Lycée Roger Verlomme;Terminale;Terminale;Technologique;Non concerné;Le candidat ne s'est pas engagé dans une cordée de la réussite
72;66;Lycée Simone Weil;Terminale;Terminale;Générale;Non concerné;Le candidat ne s'est pas engagé dans une cordée de la réussite
5;3;Lycée Simone Weil;Terminale;Terminale;Professionnelle;Non;Le candidat ne s'est pas engagé dans une cordée de la réussite
12;7;Lycée Simone Weil;Terminale;Terminale;Professionnelle;Non;Le candidat s'est engagé dans une cordée de la réussite et souhaite transmettre cette information aux formations d'accueil
1;;Lycée Simone Weil;Terminale;Terminale;Professionnelle;Non;Le candidat s'est engagé dans une cordée de la réussite mais il ne souhaite pas transmettre cette information aux formations d'accueil
1;;Lycée Simone Weil;Terminale;Terminale;Professionnelle;Non concerné;Le candidat ne s'est pas engagé dans une cordée de la réussite
;3;Lycée Simone Weil;Terminale;Terminale;Professionnelle;Non concerné;Le candidat s'est engagé dans une cordée de la réussite et souhaite transmettre cette information aux formations d'accueil
;1;Lycée Simone Weil;Terminale;Terminale;Professionnelle;Non concerné;Le candidat s'est engagé dans une cordée de la réussite mais il ne souhaite pas transmettre cette information aux formations d'accueil
7;6;Lycée Simone Weil;Terminale;Terminale;Professionnelle;Oui;Le candidat ne s'est pas engagé dans une cordée de la réussite
15;14;Lycée Simone Weil;Terminale;Terminale;Professionnelle;Oui;Le candidat s'est engagé dans une cordée de la réussite et souhaite transmettre cette information aux formations d'accueil
4;4;Lycée Simone Weil;Terminale;Terminale;Professionnelle;Oui;Le candidat s'est engagé dans une cordée de la réussite mais il ne souhaite pas transmettre cette information aux formations d'accueil
27;18;Lycée Simone Weil;Terminale;Terminale;Technologique;Non concerné;Le candidat ne s'est pas engagé dans une cordée de la réussite
241;234;Lycée Sophie Germain;Terminale;Terminale;Générale;Non concerné;Le candidat ne s'est pas engagé dans une cordée de la réussite
21;16;Lycée Sophie Germain;Terminale;Terminale;Technologique;Non concerné;Le candidat s'est engagé dans une cordée de la réussite et souhaite transmettre cette information aux formations d'accueil
7;7;Lycée Sophie Germain;Terminale;Terminale;Technologique;Non concerné;Le candidat s'est engagé dans une cordée de la réussite mais il ne souhaite pas transmettre cette information aux formations d'accueil
191;184;Lycée Turgot;Terminale;Terminale;Générale;Non concerné;Le candidat ne s'est pas engagé dans une cordée de la réussite
26;23;Lycée Turgot;Terminale;Terminale;Technologique;Non concerné;Le candidat s'est engagé dans une cordée de la réussite et souhaite transmettre cette information aux formations d'accueil
4;1;Lycée Turgot;Terminale;Terminale;Technologique;Non concerné;Le candidat s'est engagé dans une cordée de la réussite mais il ne souhaite pas transmettre cette information aux formations d'accueil
310;298;Lycée Victor Duruy;Terminale;Terminale;Générale;Non concerné;Le candidat ne s'est pas engagé dans une cordée de la réussite
135;135;Lycée Victor Hugo;Terminale;Terminale;Générale;Non concerné;Le candidat ne s'est pas engagé dans une cordée de la réussite
8;8;Lycée Victor Hugo;Terminale;Terminale;Générale;Non concerné;Le candidat s'est engagé dans une cordée de la réussite et souhaite transmettre cette information aux formations d'accueil
24;21;Lycée Victor Hugo;Terminale;Terminale;Technologique;Non concerné;Le candidat ne s'est pas engagé dans une cordée de la réussite
264;228;Lycée Voltaire;Terminale;Terminale;Générale;Non concerné;Le candidat ne s'est pas engagé dans une cordée de la réussite
